{"obstacles": [[[65, 33], [73, 41], [76, 55], [59, 40]], [[31, 27], [11, 49], [21, 49], [32, 36]], [[48, 27], [60, 17], [61, 19], [50, 29]], [[78, 16], [78, 29], [75, 29], [75, 18]], [[27, 14], [43, 11], [42, 7], [27, 9]], [[40, 62], [20, 77], [59, 79], [61, 66], [55, 59]], [[75, 93], [76, 83], [89, 81], [90, 93]]], "start": [51, 47, -2.2318394956455836], "goal": [88, 9, 0.0964737751825869], "size": [100, 100]}