{"obstacles": [[[12, 49], [10, 41], [18, 37], [27, 37]], [[49, 13], [23, 12], [27, 20], [54, 26]], [[35, 59], [55, 60], [49, 48], [64, 48], [57, 39], [41, 35], [31, 51], [35, 60]], [[14, 69], [18, 78], [34, 67], [18, 56]], [[49, 71], [46, 74], [37, 77], [38, 94], [53, 77]]], "start": [14, 24, 0.5645693936681], "goal": [75, 81, 1.7529646372676602], "size": [100, 100]}