{"obstacles": [[[36, 51], [33, 49], [46, 36], [46, 48]], [[23, 39], [24, 45], [20, 52], [14, 50]], [[9, 45], [0, 45], [0, 36], [8, 32]], [[26, 22], [14, 9], [15, 16]], [[31, 34], [31, 31], [17, 26], [16, 29]], [[32, 32], [33, 18], [36, 18], [34, 34]], [[42, 26], [54, 26], [50, 31], [42, 28]], [[41, 8], [41, 11], [27, 11], [26, 8]], [[49, 3], [59, 6], [59, 16], [52, 16]]], "start": [6, 5, 0.8938814749524197], "goal": [50, 46, -1.5900247258946039], "size": [60, 60]}