{"obstacles": [[[0, 30], [0, 0], [1, 0], [1, 30]], [[20, 30], [20, 0], [19,0], [19, 30]], [[8, 13], [5, 10], [11, 9], [12, 12]], [[16, 19], [14, 19], [13, 16], [14, 16]], [[7, 19], [3, 19], [1, 20], [4, 21]]], "start": [9, 2, 1.5707963267948966], "goal": [10, 26, 1.5083775167989393], "size": [20, 30]}