{"obstacles": [[[39, 57], [38, 84], [29, 84], [29, 17], [36, 17], [36, 46], [64, 46], [64, 12], [79, 12], [79, 89], [65, 89], [65, 57]]], "start": [50, 64, 1.5282687921751124], "goal": [50, 40, 1.5363272257953886], "size": [100, 100]}