{"obstacles": [[[55, 52], [2, 62], [2, 69], [55, 67]], [[60, 86], [56, 70], [69, 62], [67, 83]], [[12, 89], [12, 98], [40, 98], [40, 89]], [[88, 38], [82, 38], [82, 76], [88, 76]], [[60, 37], [42, 37], [43, 18], [60, 16]], [[42, 44], [37, 45], [38, 49], [43, 47]], [[73, 11], [85, 16], [75, 24]], [[10, 26], [17, 13], [5, 14]]], "start": [49, 75, 1.6172744581458995], "goal": [33, 28, -2.2318394956455836], "size": [100, 100]}