{"obstacles": [[[16, 8], [16, 0], [25, 0], [25, 8]], [[8, 8], [8, 0], [0, 0], [0, 8]], [[8, 25], [8, 15], [0, 15], [0, 25]], [[15, 25], [15, 15], [25, 15], [25, 25]]], "start": [12, 2, 1.5503909961083586], "goal": [22, 12, -0.018516402068009044], "size": [25, 25]}