{"obstacles": [[[15, 21], [21, 29], [35, 26], [32, 18]], [[49, 46], [43, 36], [39, 36], [43, 46]], [[19, 39], [6, 39], [0, 44], [8, 46]]], "start": [29, 9, 1.664273107953486], "goal": [28, 52, 1.6064954394742206], "size": [60, 60]}